Emp_ID,Name,Department,Designation
FAC-001,Sonali,BCA,Assistant Professor
FAC-002,Harisingh Rajput,BCA,Senior Lecturer
FAC-003,Harshita,BTech,Assistant Professor
FAC-004,Saurabh,BTech,Associate Professor
FAC-005,Amit Sharma,BTech,Head of Department
FAC-006,Priya Singh,BCA,Guest Faculty
FAC-007,Vikram Desai,BTech,Assistant Professor
FAC-008,Meera Reddy,MBA,Associate Professor
FAC-009,Karan Johar,MBA,Professor
FAC-010,Sneha Kapoor,MBA,Assistant Professor
FAC-011,Rahul Banerjee,MCA,Head of Department
FAC-012,Anjali Verma,MCA,Senior Lecturer
FAC-013,Deepak Chawla,MCA,Assistant Professor
FAC-014,Pooja Hegde,BBA,Assistant Professor
FAC-015,Suresh Menon,BBA,Professor
FAC-016,Neha Dhupia,BBA,Guest Faculty
FAC-017,Ravi Teja,MTech,Associate Professor
FAC-018,Anita Hassanandani,MTech,Assistant Professor
FAC-019,Kabir Khan,MTech,Head of Department
FAC-020,Swati Maliwal,BCA,Assistant Professor
FAC-021,Gaurav Taneja,BTech,Senior Lecturer
FAC-022,Alia Bhatt,MBA,Assistant Professor
FAC-023,Varun Dhawan,BBA,Associate Professor
FAC-024,Kriti Sanon,MCA,Assistant Professor
FAC-025,Ranveer Singh,MTech,Professor