Roll_Number,Name,Department
2500301790063,KHUSHI BHAKUNI,BCA
2500301790064,KHUSHI JAIN,BCA
2500301790065,KIRTI SHARMA,BCA
2500301790066,KRISHNA KUMAR,BCA
2500301790067,LABEEB MOKHTAR,BCA
2500301790068,LAVISH YADAV,BCA
2500301790069,LEVANSH SHARMA,BCA
2500301790070,LUCKY,BCA
2500301790071,MAHI RAJ,BCA
2500301790072,MANAS PRIYA,BCA
2500101790001,AAKASH DEEP,BTech
2500101790002,BHAWNA SINGH,BTech
2500101790003,CHIRAG AHUJA,BTech
2500101790004,DAKSH CHAUDHARY,BTech
2500101790005,EKTA BANSAL,BTech
2500501790001,ARUN MISHRA,MTech
2500501790002,DIVYA RATHORE,MTech
2500501790003,GAURAV PANDEY,MTech
2500501790004,ISHIKA JOSHI,MTech
2500501790005,KUNAL KAPOOR,MTech
2500601790001,MEGHNA GUPTA,MBA
2500601790002,NIKHIL VERMA,MBA
2500601790003,POOJA DESAI,MBA
2500601790004,ROHAN NAIR,MBA
2500601790005,SAKSHI TIWARI,MBA
2500701790001,TARUN REDDY,MCA
2500701790002,UMA KRISHNAN,MCA
2500701790003,VARUN SEN,MCA
2500701790004,YASHIKA JAIN,MCA
2500701790005,ZAYN MALIK,MCA